{"cameraMode":{"drawMode":0,"name":"Shaded","section":"Shading Mode"},"sceneLighting":true,"audioPlay":false,"sceneViewState":{"showFog":true,"showMaterialUpdate":false,"showSkybox":true,"showFlares":true,"showImageEffects":true,"showParticleSystems":true},"in2DMode":false,"pivot":{"x":-1616.7420654296875,"y":-794.3447875976563,"z":405.213623046875},"rotation":{"x":-0.1574254184961319,"y":0.6366828083992004,"z":-0.1348886936903,"w":-0.7428273558616638},"size":3698.584228515625,"orthographic":false}