{"cameraMode":{"drawMode":0,"name":"Shaded","section":"Shading Mode"},"sceneLighting":true,"audioPlay":false,"sceneViewState":{"showFog":true,"showMaterialUpdate":false,"showSkybox":true,"showFlares":true,"showImageEffects":true,"showParticleSystems":true},"in2DMode":false,"pivot":{"x":634.2076416015625,"y":-863.3712768554688,"z":579.09912109375},"rotation":{"x":0.25217634439468386,"y":-0.02468283288180828,"z":0.006407883949577808,"w":0.9674003720283508},"size":3744.136474609375,"orthographic":false}