{"cameraMode":{"drawMode":0,"name":"Shaded","section":"Shading Mode"},"sceneLighting":true,"audioPlay":false,"sceneViewState":{"showFog":true,"showMaterialUpdate":false,"showSkybox":true,"showFlares":true,"showImageEffects":true,"showParticleSystems":true},"in2DMode":false,"pivot":{"x":947.7679443359375,"y":-198.750732421875,"z":-646.9287109375},"rotation":{"x":-0.6167310476303101,"y":0.021687127649784089,"z":-0.017060784623026849,"w":-0.7868047952651978},"size":2378.628173828125,"orthographic":false}