{"cameraMode":{"drawMode":0,"name":"Shaded","section":"Shading Mode"},"sceneLighting":false,"audioPlay":false,"sceneViewState":{"showFog":true,"showMaterialUpdate":false,"showSkybox":true,"showFlares":true,"showImageEffects":true,"showParticleSystems":true},"in2DMode":false,"pivot":{"x":534.3992309570313,"y":283.882568359375,"z":-348.5533447265625},"rotation":{"x":-0.2820655405521393,"y":0.313851922750473,"z":-0.0982762947678566,"w":-0.9013256430625916},"size":589.7091064453125,"orthographic":false}