{"cameraMode":{"drawMode":0,"name":"Shaded","section":"Shading Mode"},"sceneLighting":true,"audioPlay":false,"sceneViewState":{"showFog":true,"showMaterialUpdate":false,"showSkybox":true,"showFlares":true,"showImageEffects":true,"showParticleSystems":true},"in2DMode":false,"pivot":{"x":429.1418762207031,"y":248.5393524169922,"z":-36.5},"rotation":{"x":-0.031745489686727527,"y":-0.0608341358602047,"z":0.0019356232369318605,"w":-0.997647762298584},"size":943.0552978515625,"orthographic":false}